Account,Identifier,Account ID,Transaction Id,Currency,Transaction Type,Post Date,Amount
LCFHR - PNC Trading 9924,CCYUSD,369038,1721888845,USD,Cash Transfer,11/25/2025,-98000000.00
LTRS1-PNC-Trading5984,CCYUSD,369039,1721859815,USD,Cash Transfer,11/25/2025,-98000000.00
LCC-PNC-8268,CCYUSD,369052,1721859738,USD,Cash Transfer,11/25/2025,-98000000.00
LCF-PNC-Trading9916,CCYUSD,369041,1721860049,USD,Cash Transfer,11/25/2025,-97975486.24
LCFHR - PNC Trading 9924,CCYUSD,369038,1715446336,USD,Cash Transfer,11/18/2025,-57592583.00
LCFHR - PNC Trading 9924,CCYUSD,369038,1706309641,USD,Cash Transfer,11/5/2025,-50350316.75
LCFHR - PNC Trading 9924,CCYUSD,369038,1716342322,USD,Cash Transfer,11/19/2025,-49000000.00
LTRS1-PNC-Trading5984,CCYUSD,369039,1716342377,USD,Cash Transfer,11/19/2025,-49000000.00
LCC-PNC-8268,CCYUSD,369052,1716342494,USD,Cash Transfer,11/19/2025,-49000000.00
LTRS1-PNC-Trading5984,CCYUSD,369039,1707275331,USD,Cash Transfer,11/6/2025,-46055000.00
LCC-PNC-8268,CCYUSD,369052,1707275883,USD,Cash Transfer,11/6/2025,-46055000.00
LCFHR - PNC Trading 9924,CCYUSD,369038,1707275477,USD,Cash Transfer,11/6/2025,-45000000.00
LCF-PNC-Trading9916,CCYUSD,369041,1707275393,USD,Cash Transfer,11/6/2025,-45000000.00
LCR3-PNC-Trading6047,CCYUSD,369044,1707275431,USD,Cash Transfer,11/6/2025,-45000000.00
LCREF-PNC-Trading7285,CCYUSD,369053,1706309667,USD,Cash Transfer,11/5/2025,-44500000.00
LCREP-PNC-Trading7277,CCYUSD,369050,1706309674,USD,Cash Transfer,11/5/2025,-44055000.00
LCFHR-BNY MMF-6284,CCYUSD,369188,1705745266,USD,Cash Transfer,11/4/2025,-22520000.00
LCFHR - PNC Trading 9924,CCYUSD,369038,1714404908,USD,Cash Transfer,11/17/2025,-20070850.86
LCFHR - PNC Trading 9924,CCYUSD,369038,1707275484,USD,Cash Transfer,11/6/2025,-20020755.56
LCFHR - PNC Trading 9924,CCYUSD,369038,1707275459,USD,Cash Transfer,11/6/2025,-18000000.00
LCI - PNC - Trading 6012,CCYUSD,369037,1721860043,USD,Cash Transfer,11/25/2025,-17970000.00
LCFHR - PNC Trading 9924,CCYUSD,369038,1721888917,USD,Cash Transfer,11/25/2025,-17970000.00
LCI - PNC - Trading 6012,CCYUSD,369037,1714389415,USD,Cash Transfer,11/17/2025,-16500000.00
LCFHR - PNC Trading 9924,CCYUSD,369038,1704283893,USD,Cash Transfer,11/3/2025,-16500000.00
LCFP-JPM FIPB-2LAD,CCYUSD,369092,1714027462,USD,Cash Transfer,11/17/2025,-16500000.00
LCR3-PNC-Trading6047,CCYUSD,369044,1704283919,USD,Cash Transfer,11/3/2025,-16160000.00
LCFHR - PNC Trading 9924,CCYUSD,369038,1717299750,USD,Cash Transfer,11/20/2025,-15512681.98
LCFHR - PNC Trading 9924,CCYUSD,369038,1721888808,USD,Cash Transfer,11/25/2025,-15500000.00
LTRS1-PNC-Trading5984,CCYUSD,369039,1721859739,USD,Cash Transfer,11/25/2025,-15500000.00
LCC-PNC-8268,CCYUSD,369052,1721859940,USD,Cash Transfer,11/25/2025,-15500000.00
LCF-PNC-Trading9916,CCYUSD,369041,1721860113,USD,Cash Transfer,11/25/2025,-15148235.65
LCFHR - PNC Trading 9924,CCYUSD,369038,1710390415,USD,Cash Transfer,11/12/2025,-14480161.80
LCFHR - PNC Trading 9924,CCYUSD,369038,1709649665,USD,Cash Transfer,11/10/2025,-14078263.67
LCFHR - PNC Trading 9924,CCYUSD,369038,1719434901,USD,Cash Transfer,11/24/2025,-13833801.58
LCF-PNC-Trading9916,CCYUSD,369041,1717299770,USD,Cash Transfer,11/20/2025,-13500000.00
LTRS1-PNC-Trading5984,CCYUSD,369039,1717299722,USD,Cash Transfer,11/20/2025,-13387500.00
LCC-PNC-8268,CCYUSD,369052,1717299767,USD,Cash Transfer,11/20/2025,-13387500.00
LCFHR - PNC Trading 9924,CCYUSD,369038,1717299744,USD,Cash Transfer,11/20/2025,-13080000.00
LCFHR - PNC Trading 9924,CCYUSD,369038,1718368863,USD,Cash Transfer,11/21/2025,-12000000.00
LCFHR - PNC Trading 9924,CCYUSD,369038,1721889069,USD,Cash Transfer,11/25/2025,-10218000.00
LCFHR - PNC Trading 9924,CCYUSD,369038,1709649658,USD,Cash Transfer,11/10/2025,-10170000.00
LCFHR - PNC Trading 9924,CCYUSD,369038,1718368861,USD,Cash Transfer,11/21/2025,-10001288.89
LCI - PNC - Trading 6012,CCYUSD,369037,1719434864,USD,Cash Transfer,11/24/2025,-10000000.00
LCFHR - PNC Trading 9924,CCYUSD,369038,1705487949,USD,Cash Transfer,11/4/2025,-10000000.00
LCFHR - PNC Trading 9924,CCYUSD,369038,1711572935,USD,Cash Transfer,11/13/2025,-10000000.00
LCFP-JPM FIPB-2LAD,CCYUSD,369092,1719376306,USD,Cash Transfer,11/24/2025,-10000000.00
LCFP-JPM FIPB-2LAD,CCYUSD,369092,1719376317,USD,Cash Transfer,11/24/2025,-10000000.00
LCFHR-BNY MMF-6284,CCYUSD,369188,1709062043,USD,Cash Transfer,11/10/2025,-10000000.00
LCFHR-BNY MMF-6284,CCYUSD,369188,1715454982,USD,Cash Transfer,11/18/2025,-10000000.00
LCI - PNC - Trading 6012,CCYUSD,369037,1718368858,USD,Cash Transfer,11/21/2025,-9975000.00
LCFHR - PNC Trading 9924,CCYUSD,369038,1705487946,USD,Cash Transfer,11/4/2025,-9900000.00
LCFHR - PNC Trading 9924,CCYUSD,369038,1721889032,USD,Cash Transfer,11/25/2025,-9450995.46
LCFHR - PNC Trading 9924,CCYUSD,369038,1714404894,USD,Cash Transfer,11/17/2025,-8600000.00
LCFHR - PNC Trading 9924,CCYUSD,369038,1707275461,USD,Cash Transfer,11/6/2025,-8100000.00
LCFHR - PNC Trading 9924,CCYUSD,369038,1704283889,USD,Cash Transfer,11/3/2025,-8025016.67
LCFHR-BNY MMF-6284,CCYUSD,369188,1704166496,USD,Cash Transfer,11/3/2025,-8000000.00
LCFHR-BNY MMF-6284,CCYUSD,369188,1714362729,USD,Cash Transfer,11/17/2025,-8000000.00
LCFHR - PNC Trading 9924,CCYUSD,369038,1707275473,USD,Cash Transfer,11/6/2025,-7272000.00
LCR3-PNC-Trading6047,CCYUSD,369044,1707275428,USD,Cash Transfer,11/6/2025,-7272000.00
LTRS1-PNC-Trading5984,CCYUSD,369039,1707275329,USD,Cash Transfer,11/6/2025,-7200000.00
LCF-PNC-Trading9916,CCYUSD,369041,1707275405,USD,Cash Transfer,11/6/2025,-7200000.00
LCC-PNC-8268,CCYUSD,369052,1707275886,USD,Cash Transfer,11/6/2025,-7200000.00
LCI - PNC - Trading 6012,CCYUSD,369037,1707275377,USD,Cash Transfer,11/6/2025,-6550063.63
LCFHR - PNC Trading 9924,CCYUSD,369038,1707275462,USD,Cash Transfer,11/6/2025,-6515000.00
LCFHR - PNC Trading 9924,CCYUSD,369038,1716342311,USD,Cash Transfer,11/19/2025,-6257441.95
LCR3-PNC-Trading6047,CCYUSD,369044,1709649721,USD,Cash Transfer,11/10/2025,-5847000.00
LCFHR - PNC Trading 9924,CCYUSD,369038,1705487947,USD,Cash Transfer,11/4/2025,-5072833.35
LCFHR - PNC Trading 9924,CCYUSD,369038,1707275474,USD,Cash Transfer,11/6/2025,-4694670.12
LCFHR - PNC Trading 9924,CCYUSD,369038,1708345664,USD,Cash Transfer,11/7/2025,-4590075.28
LCI - PNC - Trading 6012,CCYUSD,369037,1715446328,USD,Cash Transfer,11/18/2025,-4300000.00
LCFP-JPM FIPB-2LAD,CCYUSD,369092,1715126538,USD,Cash Transfer,11/18/2025,-4300000.00
LCFHR - PNC Trading 9924,CCYUSD,369038,1712757847,USD,Cash Transfer,11/14/2025,-4169771.29
LCFHR - PNC Trading 9924,CCYUSD,369038,1711572936,USD,Cash Transfer,11/13/2025,-4169411.46
LCFHR - PNC Trading 9924,CCYUSD,369038,1718368860,USD,Cash Transfer,11/21/2025,-4131731.86
LCREF-PNC-Trading7285,CCYUSD,369053,1709649724,USD,Cash Transfer,11/10/2025,-3700000.00
LCREP-PNC-Trading7277,CCYUSD,369050,1709649714,USD,Cash Transfer,11/10/2025,-3663000.00
LCFP3-JPM FIPB-2LDD,CCYUSD,369007,1715126491,USD,Cash Transfer,11/18/2025,-3250000.00
LCFHR - PNC Trading 9924,CCYUSD,369038,1704283895,USD,Cash Transfer,11/3/2025,-2452621.69
LCFHR - PNC Trading 9924,CCYUSD,369038,1716342298,USD,Cash Transfer,11/19/2025,-2085021.37
LCREF-PNC-Trading7285,CCYUSD,369053,1709649722,USD,Cash Transfer,11/10/2025,-2000000.00
LCFHR-BNY MMF-6284,CCYUSD,369188,1721682188,USD,Cash Transfer,11/25/2025,-2000000.00
LCREP-PNC-Trading7277,CCYUSD,369050,1709649710,USD,Cash Transfer,11/10/2025,-1980000.00
LCI - PNC - Trading 6012,CCYUSD,369037,1717299684,USD,Cash Transfer,11/20/2025,-1780000.00
LCFHR - PNC Trading 9924,CCYUSD,369038,1717299756,USD,Cash Transfer,11/20/2025,-1780000.00
LCI - PNC - Trading 6012,CCYUSD,369037,1706309650,USD,Cash Transfer,11/5/2025,-1220000.00
TUERI-PNC-Trading5976,CCYUSD,369049,1706309661,USD,Cash Transfer,11/5/2025,-1220000.00
LCC-PNC-8268,CCYUSD,369052,1707275882,USD,Cash Transfer,11/6/2025,-1053397.06
LCFHR - PNC Trading 9924,CCYUSD,369038,1707275470,USD,Cash Transfer,11/6/2025,-1053300.00
LCI - PNC - Trading 6012,CCYUSD,369037,1709649652,USD,Cash Transfer,11/10/2025,-1000000.00
LCFHR - PNC Trading 9924,CCYUSD,369038,1709649662,USD,Cash Transfer,11/10/2025,-1000000.00
LCR3-PNC-Trading6047,CCYUSD,369044,1710390232,USD,Cash Transfer,11/12/2025,-947000.00
LCF-PNC-Trading9916,CCYUSD,369041,1710390075,USD,Cash Transfer,11/12/2025,-946255.03
LCFHR-JPM-7873,CCYUSD,369026,1707519998,USD,Cash Transfer,11/6/2025,-830000.00
LCI - PNC - Trading 6012,CCYUSD,369037,1710390182,USD,Cash Transfer,11/12/2025,-700000.00
LCFHR - PNC Trading 9924,CCYUSD,369038,1710390422,USD,Cash Transfer,11/12/2025,-700000.00
LCFHR - PNC Trading 9924,CCYUSD,369038,1709649668,USD,Cash Transfer,11/10/2025,-600000.00
LTRS1-PNC-Trading5984,CCYUSD,369039,1709649657,USD,Cash Transfer,11/10/2025,-600000.00
LCF-PNC-Trading9916,CCYUSD,369041,1708345674,USD,Cash Transfer,11/7/2025,-600000.00
LCC-PNC-8268,CCYUSD,369052,1709649715,USD,Cash Transfer,11/10/2025,-600000.00
LTRS1_ICLOAN,CCYUSD,403313,1711906221,USD,Cash Transfer,11/10/2025,-600000.00
LCF-PNC-Trading9916,CCYUSD,369041,1721859834,USD,Cash Transfer,11/25/2025,-585522.43
LCF-PNC-Trading9916,CCYUSD,369041,1709649674,USD,Cash Transfer,11/10/2025,-585496.60
LCR3-PNC-Trading6047,CCYUSD,369044,1717299734,USD,Cash Transfer,11/20/2025,-576000.00
LCI - PNC - Trading 6012,CCYUSD,369037,1707275375,USD,Cash Transfer,11/6/2025,-514000.00
LCFHR - PNC Trading 9924,CCYUSD,369038,1707275466,USD,Cash Transfer,11/6/2025,-514000.00
LCI-JPM-5502,CCYUSD,369023,1718715203,USD,Cash Transfer,11/21/2025,-492000.00
LCFHR-JPM-7873,CCYUSD,369026,1718715438,USD,Cash Transfer,11/21/2025,-492000.00
TUERI-JPM-1777,CCYUSD,369036,1718715577,USD,Cash Transfer,11/21/2025,-490000.00
LCREP-PNC-Trading7277,CCYUSD,369050,1706309675,USD,Cash Transfer,11/5/2025,-445000.00
LCREP-PNC-Trading7277,CCYUSD,369050,1710389930,USD,Cash Transfer,11/12/2025,-440000.00
LCREF-PNC-Trading7285,CCYUSD,369053,1710390524,USD,Cash Transfer,11/12/2025,-437030.00
LCFHR - PNC Trading 9924,CCYUSD,369038,1710390419,USD,Cash Transfer,11/12/2025,-435600.00
LCF-JPM-7610,CCYUSD,369017,1715226924,USD,Cash Transfer,11/18/2025,-400000.00
LCF-PNC-Trading9916,CCYUSD,369041,1714388846,USD,Cash Transfer,11/17/2025,-400000.00
LCF-JPM-7610,CCYUSD,369017,1718042030,USD,Cash Transfer,11/21/2025,-350000.00
LCFHR - PNC Trading 9924,CCYUSD,369038,1711572937,USD,Cash Transfer,11/13/2025,-312000.00
LCFP4-JPM FIPB-2LAC,CCYUSD,511983,1706104015,USD,Cash Transfer,11/5/2025,-300000.00
LCF-PNC-Trading9916,CCYUSD,369041,1719434920,USD,Cash Transfer,11/24/2025,-280000.00
LCI - PNC - Trading 6012,CCYUSD,369037,1709649654,USD,Cash Transfer,11/10/2025,-233000.00
LCFHR - PNC Trading 9924,CCYUSD,369038,1709649659,USD,Cash Transfer,11/10/2025,-233000.00
LCF-JPM-7610,CCYUSD,369017,1712200807,USD,Cash Transfer,11/14/2025,-200000.00
LCREF-PNC-Trading7285,CCYUSD,369053,1706309669,USD,Cash Transfer,11/5/2025,-200000.00
LCR3-PNC-Trading6047,CCYUSD,369044,1719434915,USD,Cash Transfer,11/24/2025,-199370.83
LCFHR - PNC Trading 9924,CCYUSD,369038,1719434908,USD,Cash Transfer,11/24/2025,-199000.00
LCFHR - PNC Trading 9924,CCYUSD,369038,1704283891,USD,Cash Transfer,11/3/2025,-183000.00
TUERI-PNC-Trading5976,CCYUSD,369049,1705488010,USD,Cash Transfer,11/4/2025,-182796.41
LCI - PNC - Trading 6012,CCYUSD,369037,1707275376,USD,Cash Transfer,11/6/2025,-180000.00
TUERI-PNC-Trading5976,CCYUSD,369049,1707275580,USD,Cash Transfer,11/6/2025,-180000.00
LCFHR - PNC Trading 9924,CCYUSD,369038,1716342332,USD,Cash Transfer,11/19/2025,-150090.00
LCFHR - PNC Trading 9924,CCYUSD,369038,1710390412,USD,Cash Transfer,11/12/2025,-150000.00
LCF-PNC-Trading Loan8877,CCYUSD,369043,1716342410,USD,Cash Transfer,11/19/2025,-150000.00
LCF-PNC-Trading Loan8877,CCYUSD,369043,1721859723,USD,Cash Transfer,11/25/2025,-150000.00
LCF-PNC-Trading Loan8877,CCYUSD,369043,1721859868,USD,Cash Transfer,11/25/2025,-148500.00
LTRS1-PNC-Trading5984,CCYUSD,369039,1717299724,USD,Cash Transfer,11/20/2025,-112500.00
LCC-PNC-8268,CCYUSD,369052,1717299771,USD,Cash Transfer,11/20/2025,-112500.00
MID2T-PNC-7995,CCYUSD,369197,1722360511,USD,Cash Transfer,11/20/2025,-112500.00
LCC-PNC-8268,CCYUSD,369052,1708345679,USD,Cash Transfer,11/7/2025,-105400.00
LCFHR - PNC Trading 9924,CCYUSD,369038,1708345671,USD,Cash Transfer,11/7/2025,-105000.00
LCFHR - PNC Trading 9924,CCYUSD,369038,1716342325,USD,Cash Transfer,11/19/2025,-105000.00
LCC-PNC-8268,CCYUSD,369052,1716342476,USD,Cash Transfer,11/19/2025,-103856.00
LCFHR - PNC Trading 9924,CCYUSD,369038,1719434904,USD,Cash Transfer,11/24/2025,-100000.00
LCF-PNC-Trading9916,CCYUSD,369041,1717299766,USD,Cash Transfer,11/20/2025,-85311.98
LCFHR - PNC Trading 9924,CCYUSD,369038,1710390413,USD,Cash Transfer,11/12/2025,-81780.00
LCC-PNC-8268,CCYUSD,369052,1710390172,USD,Cash Transfer,11/12/2025,-81770.70
LCF-PNC-Trading Loan8877,CCYUSD,369043,1707275468,USD,Cash Transfer,11/6/2025,-80000.00
LCC_ICBORR,CCYUSD,403322,1708518014,USD,Cash Transfer,11/6/2025,-63878.30
LCFHR - PNC Trading 9924,CCYUSD,369038,1704283898,USD,Cash Transfer,11/3/2025,-52732.00
LCC-PNC-8268,CCYUSD,369052,1704283913,USD,Cash Transfer,11/3/2025,-52732.00
LCI - PNC - Trading 6012,CCYUSD,369037,1704283910,USD,Cash Transfer,11/3/2025,-50000.00
LCFHR - PNC Trading 9924,CCYUSD,369038,1704283896,USD,Cash Transfer,11/3/2025,-50000.00
LCREP-PNC-Trading7277,CCYUSD,369050,1709649716,USD,Cash Transfer,11/10/2025,-37000.00
LCFHR - PNC Trading 9924,CCYUSD,369038,1715446335,USD,Cash Transfer,11/18/2025,-30000.00
LCC-PNC-8268,CCYUSD,369052,1715446344,USD,Cash Transfer,11/18/2025,-29866.10
LCREP-PNC-Trading7277,CCYUSD,369050,1709649711,USD,Cash Transfer,11/10/2025,-20000.00
LTRS1_ICLOAN,CCYUSD,403313,1708518029,USD,Cash Transfer,11/6/2025,-10315.46
TUERI-PNC-Trading5976,CCYUSD,369049,1719434902,USD,Cash Transfer,11/24/2025,-7812.50
LCREF-PNC-Trading7285,CCYUSD,369053,1719434914,USD,Cash Transfer,11/24/2025,-7500.00
LCF-PNC-Trading9916,CCYUSD,369041,1710390079,USD,Cash Transfer,11/12/2025,-4400.00
LCFHR-JPM-7873,CCYUSD,369026,1707867671,USD,Cash Transfer,11/7/2025,-3000.00
TUERI-JPM-1777,CCYUSD,369036,1719341740,USD,Cash Transfer,11/24/2025,-3000.00
LCI - PNC - Trading 6012,CCYUSD,369037,1719434862,USD,Cash Transfer,11/24/2025,-2000.00
LCI - PNC - Trading 6012,CCYUSD,369037,1717299682,USD,Cash Transfer,11/20/2025,-1300.00
LCFHR - PNC Trading 9924,CCYUSD,369038,1717299741,USD,Cash Transfer,11/20/2025,-1300.00
LCF1R-WF-Wells Repo-1529,CCYUSD,369060,1714788436,USD,Cash Transfer,11/10/2025,-660.50
LCF1R-WF-Wells Repo-1529,CCYUSD,369060,1714788434,USD,Cash Transfer,11/7/2025,-660.46
LCF1R-WF-Wells Repo-1529,CCYUSD,369060,1707511802,USD,Cash Transfer,11/6/2025,-660.45
LCF1R-WF-Wells Repo-1529,CCYUSD,369060,1707511805,USD,Cash Transfer,11/5/2025,-660.44
LCF1R-WF-Wells Repo-1529,CCYUSD,369060,1705745232,USD,Cash Transfer,11/4/2025,-660.43
LCF1R-WF-Wells Repo-1529,CCYUSD,369060,1705745235,USD,Cash Transfer,11/3/2025,-660.42
LCF1R-WF-Wells Repo-1529,CCYUSD,369060,1721575946,USD,Cash Transfer,11/25/2025,-492.46
LCF1R-WF-Wells Repo-1529,CCYUSD,369060,1719458150,USD,Cash Transfer,11/24/2025,-492.45
LCF1R-WF-Wells Repo-1529,CCYUSD,369060,1718271226,USD,Cash Transfer,11/21/2025,-492.42
LCF1R-WF-Wells Repo-1529,CCYUSD,369060,1717263769,USD,Cash Transfer,11/20/2025,-492.41
LCF1R-WF-Wells Repo-1529,CCYUSD,369060,1716531928,USD,Cash Transfer,11/19/2025,-492.40
LCF1R-WF-Wells Repo-1529,CCYUSD,369060,1716531926,USD,Cash Transfer,11/18/2025,-492.39
LCF1R-WF-Wells Repo-1529,CCYUSD,369060,1714788446,USD,Cash Transfer,11/17/2025,-492.38
LCF1R-WF-Wells Repo-1529,CCYUSD,369060,1714788443,USD,Cash Transfer,11/14/2025,-492.35
LCF1R-WF-Wells Repo-1529,CCYUSD,369060,1714788439,USD,Cash Transfer,11/13/2025,-492.34
LTRS1-JPM-7907,CCYUSD,369032,1710300900,USD,Cash Transfer,11/12/2025,-400.00
LCF8T-WF-CS Repo-8957,CCYUSD,369056,1710382973,USD,Cash Transfer,11/12/2025,-126.20
LCF1T-WF-Wells Repo-5657,CCYUSD,369068,1710383450,USD,Cash Transfer,11/12/2025,-95.11
LCFII-WF-JPM Repo-7005,CCYUSD,369057,1710383345,USD,Cash Transfer,11/12/2025,-17.94
LCF-PNC-Trading9916,CCYUSD,369041,1709649673,USD,Cash Transfer,11/10/2025,-1.00
LTRS1_ICLOAN,CCYUSD,403313,1707519901,USD,Cash Transfer,12/6/2025,0.00
LCF1R-WF-Wells Repo-1529,CCYUSD,369060,1705745231,USD,Cash Transfer,11/4/2025,0.01
LCF1R-WF-Wells Repo-1529,CCYUSD,369060,1707511806,USD,Cash Transfer,11/5/2025,0.01
LCF1R-WF-Wells Repo-1529,CCYUSD,369060,1707511803,USD,Cash Transfer,11/6/2025,0.01
LCF1R-WF-Wells Repo-1529,CCYUSD,369060,1714788433,USD,Cash Transfer,11/7/2025,0.01
LCF1R-WF-Wells Repo-1529,CCYUSD,369060,1714788440,USD,Cash Transfer,11/13/2025,0.01
LCF1R-WF-Wells Repo-1529,CCYUSD,369060,1714788442,USD,Cash Transfer,11/14/2025,0.01
LCF1R-WF-Wells Repo-1529,CCYUSD,369060,1716531925,USD,Cash Transfer,11/18/2025,0.01
LCF1R-WF-Wells Repo-1529,CCYUSD,369060,1716531929,USD,Cash Transfer,11/19/2025,0.01
LCF1R-WF-Wells Repo-1529,CCYUSD,369060,1717263770,USD,Cash Transfer,11/20/2025,0.01
LCF1R-WF-Wells Repo-1529,CCYUSD,369060,1718271225,USD,Cash Transfer,11/21/2025,0.01
LCF1R-WF-Wells Repo-1529,CCYUSD,369060,1721575962,USD,Cash Transfer,11/25/2025,0.01
LCF-PNC-Trading9916,CCYUSD,369041,1704575916,USD,Cash Transfer,11/3/2025,0.03
LCF1R-WF-Wells Repo-1529,CCYUSD,369060,1714788445,USD,Cash Transfer,11/17/2025,0.03
LCF1R-WF-Wells Repo-1529,CCYUSD,369060,1719458149,USD,Cash Transfer,11/24/2025,0.03
LCF1R-WF-Wells Repo-1529,CCYUSD,369060,1705745234,USD,Cash Transfer,11/3/2025,0.04
LCF1R-WF-Wells Repo-1529,CCYUSD,369060,1714788437,USD,Cash Transfer,11/10/2025,0.04
LCFHR - PNC Trading 9924,CCYUSD,369038,1710390410,USD,Cash Transfer,11/12/2025,145.17
LCFHR-WF-4069,CCYUSD,369077,1715767004,USD,Cash Transfer,11/12/2025,173.53
LCFP4-JPM FIPB-2LAC,CCYUSD,511983,1704575595,USD,Cash Transfer,11/3/2025,243.65
LCF1R-WF-Wells Repo-1529,CCYUSD,369060,1714788438,USD,Cash Transfer,11/13/2025,492.33
LCF1R-WF-Wells Repo-1529,CCYUSD,369060,1714788441,USD,Cash Transfer,11/14/2025,492.34
LCF1R-WF-Wells Repo-1529,CCYUSD,369060,1714788444,USD,Cash Transfer,11/17/2025,492.35
LCF1R-WF-Wells Repo-1529,CCYUSD,369060,1716531924,USD,Cash Transfer,11/18/2025,492.38
LCF1R-WF-Wells Repo-1529,CCYUSD,369060,1716531927,USD,Cash Transfer,11/19/2025,492.39
LCF1R-WF-Wells Repo-1529,CCYUSD,369060,1717263768,USD,Cash Transfer,11/20/2025,492.40
LCF1R-WF-Wells Repo-1529,CCYUSD,369060,1718271224,USD,Cash Transfer,11/21/2025,492.41
LCF1R-WF-Wells Repo-1529,CCYUSD,369060,1719458148,USD,Cash Transfer,11/24/2025,492.42
LCF1R-WF-Wells Repo-1529,CCYUSD,369060,1721575971,USD,Cash Transfer,11/25/2025,492.45
LCF1R-WF-Wells Repo-1529,CCYUSD,369060,1705745233,USD,Cash Transfer,11/3/2025,660.38
LCF1R-WF-Wells Repo-1529,CCYUSD,369060,1705745230,USD,Cash Transfer,11/4/2025,660.42
LCF1R-WF-Wells Repo-1529,CCYUSD,369060,1707511804,USD,Cash Transfer,11/5/2025,660.43
LCF1R-WF-Wells Repo-1529,CCYUSD,369060,1707511801,USD,Cash Transfer,11/6/2025,660.44
LCF1R-WF-Wells Repo-1529,CCYUSD,369060,1714788432,USD,Cash Transfer,11/7/2025,660.45
LCF1R-WF-Wells Repo-1529,CCYUSD,369060,1714788435,USD,Cash Transfer,11/10/2025,660.46
LCF-PNC-Trading9916,CCYUSD,369041,1704575915,USD,Cash Transfer,11/3/2025,737.67
LCI - PNC - Trading 6012,CCYUSD,369037,1717299683,USD,Cash Transfer,11/20/2025,1300.00
LCFHR - PNC Trading 9924,CCYUSD,369038,1710390418,USD,Cash Transfer,11/12/2025,1703.01
TUERI-PNC-Trading5976,CCYUSD,369049,1719434892,USD,Cash Transfer,11/24/2025,2000.00
LCFHR - PNC Trading 9924,CCYUSD,369038,1706309643,USD,Cash Transfer,11/5/2025,2045.61
TUERI-PNC-Trading5976,CCYUSD,369049,1719434895,USD,Cash Transfer,11/24/2025,3000.00
LCREP-PNC-Trading7277,CCYUSD,369050,1710389929,USD,Cash Transfer,11/12/2025,4400.00
LCF-JPM-7610,CCYUSD,369017,1706215314,USD,Cash Transfer,11/5/2025,7500.00
LCF-JPM-7610,CCYUSD,369017,1705745286,USD,Cash Transfer,11/4/2025,13774.39
TUERI-JPM-1777,CCYUSD,369036,1712200808,USD,Cash Transfer,11/14/2025,14850.00
LCF-PNC-Trading Loan8877,CCYUSD,369043,1710390210,USD,Cash Transfer,11/12/2025,15000.00
LCF-PNC-Trading9916,CCYUSD,369041,1709649670,USD,Cash Transfer,11/10/2025,20000.00
LCF-JPM-7610,CCYUSD,369017,1707205516,USD,Cash Transfer,11/6/2025,22000.00
LCF-PNC-Trading Loan8877,CCYUSD,369043,1709649676,USD,Cash Transfer,11/10/2025,30000.00
LCC-PNC-8268,CCYUSD,369052,1715446343,USD,Cash Transfer,11/18/2025,30000.00
LCI - PNC - Trading 6012,CCYUSD,369037,1707275379,USD,Cash Transfer,11/6/2025,35121.51
LCF-PNC-Trading9916,CCYUSD,369041,1722513791,USD,Cash Transfer,11/10/2025,37000.00
LCF-PNC-Trading Loan8877,CCYUSD,369043,1712757855,USD,Cash Transfer,11/14/2025,38114.35
LCFHR - PNC Trading 9924,CCYUSD,369038,1717299754,USD,Cash Transfer,11/20/2025,40000.00
LCI - PNC - Trading 6012,CCYUSD,369037,1704283909,USD,Cash Transfer,11/3/2025,50000.00
LCC-PNC-8268,CCYUSD,369052,1704283914,USD,Cash Transfer,11/3/2025,52732.00
LCF-PNC-Trading9916,CCYUSD,369041,1707275399,USD,Cash Transfer,11/6/2025,80000.00
LCC-PNC-8268,CCYUSD,369052,1710390173,USD,Cash Transfer,11/12/2025,81780.00
LCF-PNC-Trading Loan8877,CCYUSD,369043,1709649678,USD,Cash Transfer,11/10/2025,85000.00
LCF-PNC-Trading9916,CCYUSD,369041,1712757850,USD,Cash Transfer,11/14/2025,85311.98
LCR3-PNC-Trading6047,CCYUSD,369044,1717299732,USD,Cash Transfer,11/20/2025,85311.98
LCF-PNC-Trading Loan8877,CCYUSD,369043,1721859662,USD,Cash Transfer,11/25/2025,90000.00
LCFP3-JPM FIPB-2LDD,CCYUSD,369007,1719122383,USD,Cash Transfer,11/24/2025,100000.00
LCF-PNC-Trading Loan8877,CCYUSD,369043,1711572953,USD,Cash Transfer,11/13/2025,100000.00
LCC-PNC-8268,CCYUSD,369052,1708345677,USD,Cash Transfer,11/7/2025,105000.00
LCC-PNC-8268,CCYUSD,369052,1716342471,USD,Cash Transfer,11/19/2025,105000.00
LCFHR - PNC Trading 9924,CCYUSD,369038,1717299753,USD,Cash Transfer,11/20/2025,112500.00
LCC-PNC-8268,CCYUSD,369052,1717299772,USD,Cash Transfer,11/20/2025,112500.00
MID2T-PNC-7995,CCYUSD,369197,1722360510,USD,Cash Transfer,11/20/2025,112500.00
LCF-PNC-Trading Loan8877,CCYUSD,369043,1715446341,USD,Cash Transfer,11/18/2025,130000.00
LCF-PNC-Trading Loan8877,CCYUSD,369043,1717299743,USD,Cash Transfer,11/20/2025,135000.00
LCF-PNC-Trading9916,CCYUSD,369041,1721859980,USD,Cash Transfer,11/25/2025,148500.00
LCFP3-JPM FIPB-2LDD,CCYUSD,369007,1710081827,USD,Cash Transfer,11/12/2025,150000.00
TUERI-JPM-1777,CCYUSD,369036,1709644114,USD,Cash Transfer,11/10/2025,150000.00
LCF-PNC-Trading9916,CCYUSD,369041,1716342423,USD,Cash Transfer,11/19/2025,150000.00
LCF-PNC-Trading9916,CCYUSD,369041,1721859885,USD,Cash Transfer,11/25/2025,150000.00
LCFP3-JPM FIPB-Margin,CCYUSD,492306,1716584152,USD,Cash Transfer,11/19/2025,150090.00
LCFHR - PNC Trading 9924,CCYUSD,369038,1718368864,USD,Cash Transfer,11/21/2025,152000.00
LCI - PNC - Trading 6012,CCYUSD,369037,1707275373,USD,Cash Transfer,11/6/2025,180000.00
LCFHR - PNC Trading 9924,CCYUSD,369038,1707275454,USD,Cash Transfer,11/6/2025,180000.00
TUERI-PNC-Trading5976,CCYUSD,369049,1707275582,USD,Cash Transfer,11/6/2025,182796.41
LCR3-PNC-Trading6047,CCYUSD,369044,1704283920,USD,Cash Transfer,11/3/2025,183000.00
LCR3-PNC-Trading6047,CCYUSD,369044,1719434913,USD,Cash Transfer,11/24/2025,199000.00
LCI - PNC - Trading 6012,CCYUSD,369037,1709649653,USD,Cash Transfer,11/10/2025,233000.00
LCF-PNC-Trading Loan8877,CCYUSD,369043,1710390212,USD,Cash Transfer,11/12/2025,285000.00
LCREF-PNC-Trading7285,CCYUSD,369053,1706309670,USD,Cash Transfer,11/5/2025,300000.00
LCFHR - PNC Trading 9924,CCYUSD,369038,1721889053,USD,Cash Transfer,11/25/2025,304000.00
LCFP3-JPM FIPB-2LDD,CCYUSD,369007,1711291480,USD,Cash Transfer,11/13/2025,312000.00
TUERI-JPM-1777,CCYUSD,369036,1709644113,USD,Cash Transfer,11/10/2025,324288.54
LCREF-PNC-Trading7285,CCYUSD,369053,1705487974,USD,Cash Transfer,11/4/2025,350000.00
LCF-JPM-7610,CCYUSD,369017,1714015322,USD,Cash Transfer,11/17/2025,400000.00
LCREP-PNC-Trading7277,CCYUSD,369050,1710389931,USD,Cash Transfer,11/12/2025,435600.00
LCREF-PNC-Trading7285,CCYUSD,369053,1710390522,USD,Cash Transfer,11/12/2025,440000.00
LCF-PNC-Trading9916,CCYUSD,369041,1706309656,USD,Cash Transfer,11/5/2025,445000.00
LCREF-PNC-Trading7285,CCYUSD,369053,1709649723,USD,Cash Transfer,11/10/2025,476723.21
LCI-JPM-5502,CCYUSD,369023,1718715204,USD,Cash Transfer,11/21/2025,490000.00
LCR3-PNC-Trading6047,CCYUSD,369044,1712757857,USD,Cash Transfer,11/14/2025,491752.79
LCFHR-JPM-7873,CCYUSD,369026,1718042031,USD,Cash Transfer,11/21/2025,492000.00
LCFHR - PNC Trading 9924,CCYUSD,369038,1718368867,USD,Cash Transfer,11/21/2025,492000.00
LCF-JPM-7610,CCYUSD,369017,1711906380,USD,Cash Transfer,11/12/2025,510981.58
LCI - PNC - Trading 6012,CCYUSD,369037,1707275374,USD,Cash Transfer,11/6/2025,514000.00
LCFHR - PNC Trading 9924,CCYUSD,369038,1717299737,USD,Cash Transfer,11/20/2025,576000.00
LTRS1-PNC-Trading5984,CCYUSD,369039,1709649656,USD,Cash Transfer,11/10/2025,600000.00
LCF-PNC-Trading9916,CCYUSD,369041,1709649671,USD,Cash Transfer,11/10/2025,600000.00
LCC-PNC-8268,CCYUSD,369052,1709649717,USD,Cash Transfer,11/10/2025,600000.00
LCC_ICBORR,CCYUSD,403322,1711906070,USD,Cash Transfer,11/10/2025,600000.00
LCI - PNC - Trading 6012,CCYUSD,369037,1710390179,USD,Cash Transfer,11/12/2025,700000.00
LCFP-JPM FIPB-2LAD,CCYUSD,369092,1710085004,USD,Cash Transfer,11/12/2025,700000.00
LCFHR - PNC Trading 9924,CCYUSD,369038,1710390421,USD,Cash Transfer,11/12/2025,818000.00
LCFHR-JPM-7873,CCYUSD,369026,1707205553,USD,Cash Transfer,11/6/2025,830000.00
LCFHR - PNC Trading 9924,CCYUSD,369038,1707275455,USD,Cash Transfer,11/6/2025,830000.00
LCR3-PNC-Trading6047,CCYUSD,369044,1710390228,USD,Cash Transfer,11/12/2025,946255.03
LCFHR - PNC Trading 9924,CCYUSD,369038,1710390420,USD,Cash Transfer,11/12/2025,947000.00
LCI - PNC - Trading 6012,CCYUSD,369037,1709649655,USD,Cash Transfer,11/10/2025,1000000.00
LCFP-JPM FIPB-2LAD,CCYUSD,369092,1708844598,USD,Cash Transfer,11/10/2025,1000000.00
LCC-PNC-8268,CCYUSD,369052,1707275879,USD,Cash Transfer,11/6/2025,1053300.00
LTRS1-PNC-Trading5984,CCYUSD,369039,1707275335,USD,Cash Transfer,11/6/2025,1053397.06
LCF-PNC-Trading9916,CCYUSD,369041,1709649675,USD,Cash Transfer,11/10/2025,1069275.04
LCI - PNC - Trading 6012,CCYUSD,369037,1706309651,USD,Cash Transfer,11/5/2025,1220000.00
LCFHR - PNC Trading 9924,CCYUSD,369038,1706309645,USD,Cash Transfer,11/5/2025,1220000.00
TUERI-PNC-Trading5976,CCYUSD,369049,1705488011,USD,Cash Transfer,11/4/2025,1400000.00
LCI - PNC - Trading 6012,CCYUSD,369037,1717299680,USD,Cash Transfer,11/20/2025,1780000.00
LCFP-JPM FIPB-2LAD,CCYUSD,369092,1722416116,USD,Cash Transfer,11/20/2025,1780000.00
LCFHR - PNC Trading 9924,CCYUSD,369038,1709649666,USD,Cash Transfer,11/10/2025,1980000.00
LCFHR - PNC Trading 9924,CCYUSD,369038,1721889103,USD,Cash Transfer,11/25/2025,2000000.00
LCREP-PNC-Trading7277,CCYUSD,369050,1709649713,USD,Cash Transfer,11/10/2025,2000000.00
LCREF-PNC-Trading7285,CCYUSD,369053,1708345681,USD,Cash Transfer,11/7/2025,2000000.00
LCR3-PNC-Trading6047,CCYUSD,369044,1709649719,USD,Cash Transfer,11/10/2025,2186100.01
LCFHR - PNC Trading 9924,CCYUSD,369038,1705487944,USD,Cash Transfer,11/4/2025,2452621.69
LCFHR - PNC Trading 9924,CCYUSD,369038,1704283890,USD,Cash Transfer,11/3/2025,3102567.09
LCREF-PNC-Trading7285,CCYUSD,369053,1709649726,USD,Cash Transfer,11/10/2025,3218018.21
LCFHR - PNC Trading 9924,CCYUSD,369038,1715446329,USD,Cash Transfer,11/18/2025,3250000.00
LCR3-PNC-Trading6047,CCYUSD,369044,1709649718,USD,Cash Transfer,11/10/2025,3653238.28
LCFHR - PNC Trading 9924,CCYUSD,369038,1709649664,USD,Cash Transfer,11/10/2025,3663000.00
LCREP-PNC-Trading7277,CCYUSD,369050,1709649712,USD,Cash Transfer,11/10/2025,3700000.00
LCFHR - PNC Trading 9924,CCYUSD,369038,1719434897,USD,Cash Transfer,11/24/2025,4131731.86
LCFHR - PNC Trading 9924,CCYUSD,369038,1712757849,USD,Cash Transfer,11/14/2025,4169411.46
LCFHR - PNC Trading 9924,CCYUSD,369038,1714404903,USD,Cash Transfer,11/17/2025,4169771.29
LCI - PNC - Trading 6012,CCYUSD,369037,1715446327,USD,Cash Transfer,11/18/2025,4300000.00
LCFHR - PNC Trading 9924,CCYUSD,369038,1715446331,USD,Cash Transfer,11/18/2025,4300000.00
LCFHR - PNC Trading 9924,CCYUSD,369038,1709649663,USD,Cash Transfer,11/10/2025,4590075.28
LCFHR - PNC Trading 9924,CCYUSD,369038,1708345659,USD,Cash Transfer,11/7/2025,4694670.12
LCFHR - PNC Trading 9924,CCYUSD,369038,1706309646,USD,Cash Transfer,11/5/2025,5072833.35
LCFHR - PNC Trading 9924,CCYUSD,369038,1709649661,USD,Cash Transfer,11/10/2025,5847000.00
LCFHR - PNC Trading 9924,CCYUSD,369038,1717299757,USD,Cash Transfer,11/20/2025,6257441.95
LCI - PNC - Trading 6012,CCYUSD,369037,1707275378,USD,Cash Transfer,11/6/2025,6515000.00
LCFHR - PNC Trading 9924,CCYUSD,369038,1707275464,USD,Cash Transfer,11/6/2025,6550063.63
LCFHR - PNC Trading 9924,CCYUSD,369038,1707275467,USD,Cash Transfer,11/6/2025,7200000.00
LTRS1-PNC-Trading5984,CCYUSD,369039,1707275336,USD,Cash Transfer,11/6/2025,7200000.00
LCC-PNC-8268,CCYUSD,369052,1707275875,USD,Cash Transfer,11/6/2025,7200000.00
LCF-PNC-Trading9916,CCYUSD,369041,1707275396,USD,Cash Transfer,11/6/2025,7272000.00
LCR3-PNC-Trading6047,CCYUSD,369044,1707275425,USD,Cash Transfer,11/6/2025,7272000.00
LCFHR - PNC Trading 9924,CCYUSD,369038,1704283897,USD,Cash Transfer,11/3/2025,8000000.00
LCFHR - PNC Trading 9924,CCYUSD,369038,1714404900,USD,Cash Transfer,11/17/2025,8000000.00
LCFHR-CASH MGMT,CCYUSD,539769,1704614671,USD,Cash Transfer,11/3/2025,8025016.67
LCFP3-JPM FIPB-2LDD,CCYUSD,369007,1713658443,USD,Cash Transfer,11/17/2025,8600000.00
LCFP3-JPM FIPB-2LDD,CCYUSD,369007,1705203322,USD,Cash Transfer,11/4/2025,9900000.00
LCI - PNC - Trading 6012,CCYUSD,369037,1718368859,USD,Cash Transfer,11/21/2025,9975000.00
LCFHR - PNC Trading 9924,CCYUSD,369038,1718368865,USD,Cash Transfer,11/21/2025,9975000.00
LCI - PNC - Trading 6012,CCYUSD,369037,1719434866,USD,Cash Transfer,11/24/2025,10000000.00
LCFHR - PNC Trading 9924,CCYUSD,369038,1709649667,USD,Cash Transfer,11/10/2025,10000000.00
LCFHR - PNC Trading 9924,CCYUSD,369038,1715446333,USD,Cash Transfer,11/18/2025,10000000.00
LCFHR - PNC Trading 9924,CCYUSD,369038,1717299740,USD,Cash Transfer,11/20/2025,10000000.00
LCFHR - PNC Trading 9924,CCYUSD,369038,1719434893,USD,Cash Transfer,11/24/2025,10000000.00
LCFHR-BNY MMF-6284,CCYUSD,369188,1711558501,USD,Cash Transfer,11/13/2025,10000000.00
LCFHR-CASH MGMT,CCYUSD,539769,1705745251,USD,Cash Transfer,11/4/2025,10000000.00
LCFP3-JPM FIPB-2LDD,CCYUSD,369007,1709408211,USD,Cash Transfer,11/10/2025,10170000.00
LCFP3-JPM FIPB-2LDD,CCYUSD,369007,1720636302,USD,Cash Transfer,11/25/2025,10218000.00
LCFHR-BNY MMF-6284,CCYUSD,369188,1718194853,USD,Cash Transfer,11/21/2025,12000000.00
LCF-PNC-Trading9916,CCYUSD,369041,1717299765,USD,Cash Transfer,11/20/2025,13080000.00
LCFHR - PNC Trading 9924,CCYUSD,369038,1717299748,USD,Cash Transfer,11/20/2025,13387500.00
LCC-PNC-8268,CCYUSD,369052,1717299769,USD,Cash Transfer,11/20/2025,13387500.00
LTRS1-PNC-Trading5984,CCYUSD,369039,1717299725,USD,Cash Transfer,11/20/2025,13500000.00
LCFHR - PNC Trading 9924,CCYUSD,369038,1721888997,USD,Cash Transfer,11/25/2025,13833801.58
LCFHR - PNC Trading 9924,CCYUSD,369038,1710390417,USD,Cash Transfer,11/12/2025,14078263.67
LCFHR - PNC Trading 9924,CCYUSD,369038,1711572938,USD,Cash Transfer,11/13/2025,14480161.80
LTRS1-PNC-Trading5984,CCYUSD,369039,1721859806,USD,Cash Transfer,11/25/2025,15500000.00
LCF-PNC-Trading9916,CCYUSD,369041,1721860015,USD,Cash Transfer,11/25/2025,15500000.00
LCC-PNC-8268,CCYUSD,369052,1721859818,USD,Cash Transfer,11/25/2025,15500000.00
LCFHR - PNC Trading 9924,CCYUSD,369038,1718368862,USD,Cash Transfer,11/21/2025,15512681.98
LCFHR - PNC Trading 9924,CCYUSD,369038,1704283892,USD,Cash Transfer,11/3/2025,16160000.00
LCI - PNC - Trading 6012,CCYUSD,369037,1714389393,USD,Cash Transfer,11/17/2025,16500000.00
LCFHR - PNC Trading 9924,CCYUSD,369038,1714404889,USD,Cash Transfer,11/17/2025,16500000.00
LCFHR-BNY MMF-6284,CCYUSD,369188,1704166487,USD,Cash Transfer,11/3/2025,16500000.00
LCI - PNC - Trading 6012,CCYUSD,369037,1721860027,USD,Cash Transfer,11/25/2025,17970000.00
LCFHR-BNY MMF-6284,CCYUSD,369188,1707253183,USD,Cash Transfer,11/6/2025,18000000.00
LCFHR - PNC Trading 9924,CCYUSD,369038,1715446332,USD,Cash Transfer,11/18/2025,20000000.00
LCFHR-CASH MGMT,CCYUSD,539769,1707511831,USD,Cash Transfer,11/6/2025,20020755.56
LCFHR - PNC Trading 9924,CCYUSD,369038,1715446330,USD,Cash Transfer,11/18/2025,20070850.86
LCFHR - PNC Trading 9924,CCYUSD,369038,1705487945,USD,Cash Transfer,11/4/2025,22520000.00
LCFHR - PNC Trading 9924,CCYUSD,369038,1706309644,USD,Cash Transfer,11/5/2025,44055000.00
LCREP-PNC-Trading7277,CCYUSD,369050,1706309676,USD,Cash Transfer,11/5/2025,44500000.00
LTRS1-PNC-Trading5984,CCYUSD,369039,1707275327,USD,Cash Transfer,11/6/2025,45000000.00
LCF-PNC-Trading9916,CCYUSD,369041,1707275402,USD,Cash Transfer,11/6/2025,45000000.00
LCR3-PNC-Trading6047,CCYUSD,369044,1707275420,USD,Cash Transfer,11/6/2025,45000000.00
LCFHR - PNC Trading 9924,CCYUSD,369038,1707275482,USD,Cash Transfer,11/6/2025,46055000.00
LCC-PNC-8268,CCYUSD,369052,1707275885,USD,Cash Transfer,11/6/2025,46055000.00
LTRS1-PNC-Trading5984,CCYUSD,369039,1716342365,USD,Cash Transfer,11/19/2025,49000000.00
LCF-PNC-Trading9916,CCYUSD,369041,1716342446,USD,Cash Transfer,11/19/2025,49000000.00
LCC-PNC-8268,CCYUSD,369052,1716342486,USD,Cash Transfer,11/19/2025,49000000.00
LCFHR - PNC Trading 9924,CCYUSD,369038,1707275479,USD,Cash Transfer,11/6/2025,50350316.75
LCFHR - PNC Trading 9924,CCYUSD,369038,1721888878,USD,Cash Transfer,11/25/2025,55000000.00
LCFHR - PNC Trading 9924,CCYUSD,369038,1716342294,USD,Cash Transfer,11/19/2025,57592583.00
LCFHR - PNC Trading 9924,CCYUSD,369038,1721888969,USD,Cash Transfer,11/25/2025,80000000.00
LTRS1-PNC-Trading5984,CCYUSD,369039,1721859766,USD,Cash Transfer,11/25/2025,98000000.00
LCF-PNC-Trading9916,CCYUSD,369041,1721860178,USD,Cash Transfer,11/25/2025,98000000.00
LCC-PNC-8268,CCYUSD,369052,1721859905,USD,Cash Transfer,11/25/2025,98000000.00
